{
  "total_records": 425087,
  "total_features": 121,
  "acuity_distribution": {
    "3.0": 225066,
    "2.0": 139411,
    "4.0": 28504,
    "1.0": 24019,
    "5.0": 1100
  },
  "missing_percentage": {
    "subject_id": 0.0,
    "stay_id": 0.0,
    "temperature": 5.508284186531228,
    "heartrate": 4.020353480581622,
    "resprate": 4.787961052678629,
    "o2sat": 4.845125821302463,
    "sbp": 4.302883880240986,
    "dbp": 4.491080649372952,
    "pain": 6.6137049592201125,
    "acuity": 1.6436635324063074,
    "chiefcomplaint": 0.00541065711254402,
    "cc_chest_pain": 0.0,
    "cc_shortness_breath": 0.0,
    "cc_abdominal_pain": 0.0,
    "cc_neurological": 0.0,
    "cc_trauma": 0.0,
    "cc_infection": 0.0,
    "cc_hemorrhage": 0.0,
    "cc_cardiac": 0.0,
    "cc_pain": 0.0,
    "cc_hypotension": 0.0,
    "cc_hypertension": 0.0,
    "hadm_id": 52.24130589738101,
    "gender": 0.0,
    "race": 0.0,
    "arrival_transport": 0.0,
    "disposition": 0.0,
    "age_at_visit": 0.017878693067536765,
    "temperature_initial": 6.125334343322661,
    "temperature_mean": 6.125334343322661,
    "temperature_min": 6.125334343322661,
    "temperature_max": 6.125334343322661,
    "temperature_std": 3.9853018323307934,
    "temperature_trend": 3.9853018323307934,
    "temperature_count": 3.9853018323307934,
    "heartrate_initial": 4.337465036568985,
    "heartrate_mean": 4.337465036568985,
    "heartrate_min": 4.337465036568985,
    "heartrate_max": 4.337465036568985,
    "heartrate_std": 3.9853018323307934,
    "heartrate_trend": 3.9853018323307934,
    "heartrate_count": 3.9853018323307934,
    "resprate_initial": 4.451559327855239,
    "resprate_mean": 4.451559327855239,
    "resprate_min": 4.451559327855239,
    "resprate_max": 4.451559327855239,
    "resprate_std": 3.9853018323307934,
    "resprate_trend": 3.9853018323307934,
    "resprate_count": 3.9853018323307934,
    "o2sat_initial": 6.84377550948394,
    "o2sat_mean": 6.84377550948394,
    "o2sat_min": 6.84377550948394,
    "o2sat_max": 6.84377550948394,
    "o2sat_std": 3.9853018323307934,
    "o2sat_trend": 3.9853018323307934,
    "o2sat_count": 3.9853018323307934,
    "sbp_initial": 4.393688821347159,
    "sbp_mean": 4.393688821347159,
    "sbp_min": 4.393688821347159,
    "sbp_max": 4.393688821347159,
    "sbp_std": 3.9853018323307934,
    "sbp_trend": 3.9853018323307934,
    "sbp_count": 3.9853018323307934,
    "dbp_initial": 4.393688821347159,
    "dbp_mean": 4.393688821347159,
    "dbp_min": 4.393688821347159,
    "dbp_max": 4.393688821347159,
    "dbp_std": 3.9853018323307934,
    "dbp_trend": 3.9853018323307934,
    "dbp_count": 3.9853018323307934,
    "num_diagnoses": 0.0,
    "dx_mi": 0.0,
    "dx_stroke": 0.0,
    "dx_sepsis": 0.0,
    "dx_head_trauma": 0.0,
    "dx_heart_failure": 0.0,
    "dx_resp_failure": 0.0,
    "dx_gi_bleed": 0.0,
    "dx_pe": 0.0,
    "map_mean": 4.393688821347159,
    "pulse_pressure_mean": 4.393688821347159,
    "shock_index": 4.4296814534436475,
    "mews_resp": 0.0,
    "mews_hr": 0.0,
    "mews_sbp": 0.0,
    "mews_total": 0.0,
    "abnormal_vitals_count": 0.0,
    "gender_male": 0.0,
    "race_AMERICAN INDIAN/ALASKA NATIVE": 0.0,
    "race_ASIAN": 0.0,
    "race_ASIAN - ASIAN INDIAN": 0.0,
    "race_ASIAN - CHINESE": 0.0,
    "race_ASIAN - KOREAN": 0.0,
    "race_ASIAN - SOUTH EAST ASIAN": 0.0,
    "race_BLACK/AFRICAN": 0.0,
    "race_BLACK/AFRICAN AMERICAN": 0.0,
    "race_BLACK/CAPE VERDEAN": 0.0,
    "race_BLACK/CARIBBEAN ISLAND": 0.0,
    "race_HISPANIC OR LATINO": 0.0,
    "race_HISPANIC/LATINO - CENTRAL AMERICAN": 0.0,
    "race_HISPANIC/LATINO - COLUMBIAN": 0.0,
    "race_HISPANIC/LATINO - CUBAN": 0.0,
    "race_HISPANIC/LATINO - DOMINICAN": 0.0,
    "race_HISPANIC/LATINO - GUATEMALAN": 0.0,
    "race_HISPANIC/LATINO - HONDURAN": 0.0,
    "race_HISPANIC/LATINO - MEXICAN": 0.0,
    "race_HISPANIC/LATINO - PUERTO RICAN": 0.0,
    "race_HISPANIC/LATINO - SALVADORAN": 0.0,
    "race_MULTIPLE RACE/ETHNICITY": 0.0,
    "race_NATIVE HAWAIIAN OR OTHER PACIFIC ISLANDER": 0.0,
    "race_OTHER": 0.0,
    "race_PATIENT DECLINED TO ANSWER": 0.0,
    "race_PORTUGUESE": 0.0,
    "race_SOUTH AMERICAN": 0.0,
    "race_UNABLE TO OBTAIN": 0.0,
    "race_UNKNOWN": 0.0,
    "race_WHITE": 0.0,
    "race_WHITE - BRAZILIAN": 0.0,
    "race_WHITE - EASTERN EUROPEAN": 0.0,
    "race_WHITE - OTHER EUROPEAN": 0.0,
    "race_WHITE - RUSSIAN": 0.0
  }
}