{
  "accuracy": 0.40325281033245636,
  "f1_weighted": 0.44790763743853046,
  "critical_recall": 0.6787878787878788,
  "critical_precision": 0.015106555165902346,
  "critical_f1": 0.029555350310067292,
  "highrisk_recall": 0.8434684684684685,
  "highrisk_precision": 0.18408375933936297
}